Phase,Week,Task ID,Task Name,Use Case,Priority,Effort (Days),Owner,Role,Start Date,End Date,Dependencies,Status,Progress (%),Deliverables,Acceptance Criteria,Risk Level,Notes
Phase 1,1,1.1,Development environment setup,,Critical,2,DevOps/Lead Developer,DevOps,2025-01-06,2025-01-07,None,Not Started,0,Local development environment; CI/CD pipeline,Environment ready for development,Low,Foundation setup
Phase 1,1,1.2,Database schema implementation,,Critical,3,Backend Developer,Backend,2025-01-08,2025-01-10,Task 1.1,Not Started,0,Complete database schema; RLS policies,All tables created with proper relationships,Medium,Core data structure
Phase 1,1,1.3,Authentication system setup,,Critical,2,Backend Developer,Backend,2025-01-13,2025-01-14,Task 1.2,Not Started,0,Supabase Auth integration; user roles,Users can register and login,High,Security critical
Phase 1,2,2.1,API routes development,,High,3,Backend Developer,Backend,2025-01-15,2025-01-17,Task 1.3,Not Started,0,Core API endpoints,All CRUD operations working,Medium,API foundation
Phase 1,2,2.2,Frontend layout and navigation,,High,2,Frontend Developer,Frontend,2025-01-15,2025-01-16,Task 1.1,Not Started,0,Responsive layout; navigation system,Layout works on all devices,Low,UI foundation
Phase 1,2,2.3,Basic styling and theme,,High,2,Frontend Developer,Frontend,2025-01-17,2025-01-18,Task 2.2,Not Started,0,Tailwind CSS setup; design system,Consistent styling across app,Low,Design system
Phase 2,3,3.1,User registration,UC-001,High,3,Full-stack Developer,Full-stack,2025-01-20,2025-01-22,Phase 1 complete,Not Started,0,Registration form; validation; email confirmation,Users can register with validation,Medium,User onboarding
Phase 2,3,3.2,User login,UC-002,High,2,Full-stack Developer,Full-stack,2025-01-23,2025-01-24,Task 3.1,Not Started,0,Login system; session management,Secure login with session handling,High,Authentication
Phase 2,3,3.3,Password reset,UC-003,Medium,2,Backend Developer,Backend,2025-01-27,2025-01-28,Task 3.2,Not Started,0,OTP system; email integration,Users can reset passwords via email,Medium,Password recovery
Phase 2,4,4.1,User profile management,UC-005,High,3,Full-stack Developer,Full-stack,2025-01-29,2025-01-31,Task 3.2,Not Started,0,Profile CRUD operations,Users can edit their profiles,Low,Profile management
Phase 2,4,4.2,Admin password reset,UC-004,Medium,2,Backend Developer,Backend,2025-02-03,2025-02-04,Task 3.3,Not Started,0,Admin user management features,Admins can reset user passwords,High,Admin functions
Phase 2,4,4.3,User dashboard,UC-023,High,2,Frontend Developer,Frontend,2025-02-05,2025-02-06,Task 4.1,Not Started,0,Personalized dashboard,Users see relevant content,Low,Dashboard UI
Phase 3,5,5.1,Alumni directory view,UC-006,High,3,Full-stack Developer,Full-stack,2025-02-07,2025-02-11,Phase 2 complete,Not Started,0,Directory listing; privacy controls,Alumni can view directory with privacy,Medium,Core feature
Phase 3,5,5.2,Search functionality,UC-007,Medium,2,Backend Developer,Backend,2025-02-12,2025-02-13,Task 5.1,Not Started,0,Advanced search; filtering,Users can search alumni effectively,Low,Search feature
Phase 3,5,5.3,Directory optimization,Phase 3,5,Medium,2,Full-stack Developer,Full-stack,2025-02-14,2025-02-17,Task 5.2,Not Started,0,Performance optimization; pagination,Directory loads quickly with pagination,Low,Performance
Phase 3,6,6.1,Events listing,UC-008,High,2,Frontend Developer,Frontend,2025-02-18,2025-02-19,Phase 2 complete,Not Started,0,Events display; filtering,Users can view and filter events,Low,Events display
Phase 3,6,6.2,Event creation,UC-009,Medium,3,Full-stack Developer,Full-stack,2025-02-20,2025-02-24,Task 6.1,Not Started,0,Event management system,Event managers can create events,Medium,Event management
Phase 3,6,6.3,Event registration,UC-010,High,2,Full-stack Developer,Full-stack,2025-02-25,2025-02-26,Task 6.2,Not Started,0,Registration system; notifications,Users can register for events,Medium,Event participation
Phase 3,7,7.1,Blog posts view,UC-011,Medium,2,Frontend Developer,Frontend,2025-02-27,2025-02-28,Phase 2 complete,Not Started,0,Blog listing; post display,Users can read blog posts,Low,Content viewing
Phase 3,7,7.2,Blog creation,UC-012,Medium,3,Full-stack Developer,Full-stack,2025-03-03,2025-03-05,Task 7.1,Not Started,0,Content creation system,Content creators can write posts,Medium,Content creation
Phase 3,7,7.3,Comments system,UC-013,Low,2,Full-stack Developer,Full-stack,2025-03-06,2025-03-07,Task 7.2,Not Started,0,Commenting functionality,Users can comment on posts,Low,User interaction
Phase 4,8,8.1,Gallery view,UC-014,Medium,3,Frontend Developer,Frontend,2025-03-10,2025-03-12,Phase 3 complete,Not Started,0,Masonry layout; image viewer,Users can view photos in gallery,Low,Photo viewing
Phase 4,8,8.2,Photo upload,UC-015,Medium,3,Full-stack Developer,Full-stack,2025-03-13,2025-03-17,Task 8.1,Not Started,0,Upload system; Cloudflare R2 integration,Users can upload photos to gallery,High,File upload
Phase 4,8,8.3,Category management,UC-016,Low,1,Backend Developer,Backend,2025-03-18,2025-03-18,Task 8.2,Not Started,0,Category CRUD operations,Admins can manage photo categories,Low,Content organization
Phase 4,9,9.1,Image optimization,,Medium,2,Backend Developer,Backend,2025-03-19,2025-03-20,Task 8.2,Not Started,0,Thumbnail generation; compression,Images are optimized for web,Medium,Performance
Phase 4,9,9.2,Advanced viewer features,,Medium,2,Frontend Developer,Frontend,2025-03-19,2025-03-20,Task 8.1,Not Started,0,Zoom; rotation; keyboard navigation,Enhanced photo viewing experience,Low,User experience
Phase 4,9,9.3,Gallery performance optimization,,Medium,1,Full-stack Developer,Full-stack,2025-03-21,2025-03-21,Task 9.1; Task 9.2,Not Started,0,Lazy loading; caching,Gallery loads efficiently,Low,Performance
Phase 5,10,10.1,Donation causes view,UC-017,Medium,2,Frontend Developer,Frontend,2025-03-24,2025-03-25,Phase 3 complete,Not Started,0,Donation campaigns display,Users can view donation causes,Low,Donation display
Phase 5,10,10.2,Donation processing,UC-018,Medium,3,Full-stack Developer,Full-stack,2025-03-26,2025-03-28,Task 10.1,Not Started,0,Stripe integration; payment processing,Users can make secure donations,High,Payment processing
Phase 5,10,10.3,Campaign management,UC-019,Low,2,Full-stack Developer,Full-stack,2025-03-31,2025-04-01,Task 10.2,Not Started,0,Admin campaign management,Admins can manage donation campaigns,Medium,Admin functions
Phase 5,11,11.1,User management,UC-020,High,3,Full-stack Developer,Full-stack,2025-04-02,2025-04-04,Phase 2 complete,Not Started,0,Admin user management interface,Admins can manage all users,High,Admin functions
Phase 5,11,11.2,Content moderation,UC-021,Medium,2,Full-stack Developer,Full-stack,2025-04-07,2025-04-08,Task 11.1,Not Started,0,Moderation dashboard,Moderators can review content,Medium,Content management
Phase 5,11,11.3,Admin dashboard,UC-024,High,2,Frontend Developer,Frontend,2025-04-09,2025-04-10,Task 11.1; Task 11.2,Not Started,0,Admin dashboard interface,Admins have comprehensive dashboard,Low,Admin UI
Phase 6,12,12.1,System testing,,Critical,2,QA/All Developers,QA,2025-04-11,2025-04-14,Phase 5 complete,Not Started,0,Test results; bug fixes,All features tested and working,High,Quality assurance
Phase 6,12,12.2,Performance optimization,,Critical,2,Full-stack Developer,Full-stack,2025-04-15,2025-04-16,Task 12.1,Not Started,0,Performance improvements,System meets performance targets,Medium,Performance
Phase 6,12,12.3,Production deployment,,Critical,1,DevOps/Lead Developer,DevOps,2025-04-17,2025-04-17,Task 12.2,Not Started,0,Live production system,System is live and accessible,High,Go-live

